iter	Passed	Remaining
0	1382	413314
1	2585	385221
2	3830	379227
3	5431	401965
4	7648	451238
5	8979	440015
6	10225	428009
7	12159	443834
8	14098	455863
9	15960	462843
10	17237	452874
11	18390	441374
12	19562	431884
13	20841	425764
14	22053	419010
15	23274	413129
16	24420	406534
17	25549	400273
18	26663	394337
19	27916	390836
20	29077	386309
21	30282	382662
22	31436	378600
23	32691	375954
24	33965	373621
25	35127	370184
26	36277	366807
27	37470	363994
28	39208	366393
29	41232	371091
30	43193	374807
31	45116	377848
32	46968	380017
33	48354	378300
34	49590	375469
35	50691	371737
36	51803	368226
37	52949	365075
38	54198	362715
39	55361	359848
40	56536	357143
41	57717	354551
42	58985	352542
43	60222	350384
44	61451	348224
45	62670	346048
46	63975	344378
47	65037	341445
48	66277	339502
49	67477	337387
50	68675	335296
51	69978	333742
52	71593	333653
53	74181	337937
54	76724	341773
55	78406	341629
56	79769	340071
57	80941	337719
58	82308	336210
59	83647	334590
60	84835	332387
61	86063	330372
62	87214	328092
63	88525	326438
64	89881	324957
65	91198	323339
66	92516	321735
67	93630	319445
68	94758	317234
69	95992	315403
70	97390	314117
71	98728	312639
72	99873	310565
73	101199	309067
74	102416	307248
75	103687	305606
76	105697	306110
77	108109	307696
78	110331	308649
79	112288	308792
80	113636	307239
81	115018	305780
82	116338	304161
83	117587	302368
84	118774	300430
85	120101	298858
86	121416	297261
87	122756	295731
88	123858	293642
89	125021	291715
90	126189	289818
91	127464	288180
92	128722	286510
93	129967	284821
94	131184	283081
95	132512	281590
96	133764	279940
97	135037	278341
98	136897	277943
99	138671	277343
100	141602	278998
101	144106	279736
102	145581	278442
103	147009	277055
104	148259	275339
105	149689	273959
106	150923	272227
107	152296	270749
108	153605	269162
109	155009	267743
110	156364	266242
111	157633	264599
112	158990	263108
113	160290	261527
114	161596	259959
115	162920	258424
116	164359	257074
117	165721	255604
118	167552	254848
119	169116	253674
120	171237	253317
121	173820	253607
122	175999	253267
123	177936	252555
124	179456	251238
125	180820	249704
126	182107	248067
127	183472	246541
128	184733	244878
129	185951	243167
130	187288	241616
131	188477	239881
132	189926	238478
133	191123	236765
134	192413	235172
135	193725	233610
136	195261	232318
137	196766	230986
138	198177	229543
139	200039	228616
140	202109	227910
141	203973	226956
142	205546	225669
143	207668	224974
144	209352	223790
145	211218	222792
146	212861	221549
147	214298	220090
148	215587	218480
149	216776	216776
150	218212	215322
151	219542	213765
152	220933	212269
153	222306	210758
154	223750	209315
155	225174	207852
156	227696	207392
157	231306	207883
158	233346	206929
159	235855	206373
160	237268	204846
161	238890	203499
162	240753	202351
163	242559	201146
164	244144	199754
165	245962	198548
166	247325	196972
167	248595	195324
168	249872	193687
169	251258	192138
170	252614	190568
171	254011	189031
172	255318	187430
173	256732	185910
174	258181	184415
175	259589	182892
176	260923	181319
177	262921	180204
178	265041	179162
179	266974	177983
180	268356	176433
181	269859	174963
182	271197	173388
183	272863	172022
184	274765	170800
185	276270	169327
186	277975	167974
187	279829	166706
188	281820	165513
189	283284	164006
190	284789	162523
191	286114	160939
192	287466	159372
193	288962	157886
194	290404	156371
195	291876	154873
196	293507	153458
197	295998	152484
198	298080	151286
199	299551	149775
200	300903	148206
201	302385	146701
202	303646	145092
203	304878	143472
204	306737	142146
205	308549	140794
206	310159	139347
207	312132	138058
208	313657	136568
209	314941	134974
210	316300	133415
211	317743	131893
212	319140	130352
213	320477	128789
214	321961	127286
215	323307	125730
216	325095	124345
217	327412	123154
218	329535	121883
219	331249	120454
220	332623	118901
221	334005	117353
222	335417	115816
223	336619	114210
224	338020	112673
225	340371	111449
226	342252	110063
227	343866	108589
228	345782	107207
229	347422	105737
230	348826	104194
231	350077	102608
232	351346	101031
233	352734	99489
234	354052	97929
235	355549	96420
236	358138	95201
237	360589	93935
238	362746	92583
239	364053	91013
240	365447	89466
241	366809	87913
242	368141	86354
243	369500	84803
244	370785	83237
245	372321	81729
246	374176	80288
247	375817	78800
248	377421	77303
249	379300	75860
250	380818	74343
251	382302	72819
252	383682	71276
253	384985	69721
254	386248	68161
255	388504	66774
256	390757	65379
257	392907	63961
258	394549	62457
259	395971	60918
260	397366	59376
261	398736	57831
262	400085	56285
263	401452	54743
264	402816	53202
265	404230	51668
266	405974	50176
267	407795	48692
268	409287	47166
269	410938	45659
270	412983	44193
271	414540	42673
272	415899	41132
273	417385	39605
274	419537	38139
275	421392	36642
276	423446	35159
277	424939	33628
278	426358	32091
279	427731	30552
280	429038	29009
281	430378	27470
282	431801	25938
283	433081	24398
284	434441	22865
285	435796	21332
286	438088	19843
287	441314	18388
288	442800	16854
289	444408	15324
290	448269	13863
291	452282	12391
292	454864	10867
293	456501	9316
294	457883	7760
295	459298	6206
296	460694	4653
297	462114	3101
298	463517	1550
299	464904	0
